no,district,name,type,address,phone,googlemap_url,hours_text
1,บางเขน,พิพิธภัณฑ์บ้านบางเขน,พิพิธภัณฑ์,เลขที่ 104/58 ถนนพหลโยธิน แขวงอนุสาวรีย์ เขตบางเขน กรุงเทพมหานคร 10220,08 5921 6666,https://maps.app.goo.gl/WL3ZqTU7ZsS9jL2L7,ไม่พบข้อมูล
2,บางเขน,พิพิธภัณฑ์การฝึกหัดครูไทย,พิพิธภัณฑ์,สำนักศิลปะและวัฒนธรรม มหาวิทยาลัยราชภัฏพระนคร เลขที่ 9 ถนนแจ้งวัฒนะ แขวงอนุสาวรีย์ เขตบางเขน กรุงเทพมหานคร,"0 2544 8000 ต่อ 1512, 3128, 0 2522 660",https://maps.app.goo.gl/6vNyLt7bRWdizF8YA,จันทร์-ศุกร์ 08:30-16:30
3,บางเขน,Dog Park วัชรพล สวนวชิราภิรมย์,สถานที่พักผ่อนหย่อนใจ,BMA Dog Park สวนวชิราภิรมย์ แขวงท่าแร้ง เขตบางเขน กรุงเทพมหานคร 10220,0 2222 2222,https://maps.app.goo.gl/BtZZgJuK4XyjmYAm9,เปิดทุกวัน 05:00-21:00
4,บางเขน,เพลินนารี่ มอลล์ วัชรพล,ช้อปปิ้งมอลล์,ถนนวัชรพล แขวงท่าแร้ง เขตบางเขน กรุงเทพมหานคร 10220,0 2136 8121,https://maps.app.goo.gl/Jb8iSBvT4iNHck9L7,เปิดทุกวัน 10:00-21:00
5,บางเขน,พิพิธภัณฑ์ท้องถิ่นกรุงเทพเขตบางเขน,พิพิธภัณฑ์,อาคาร 18 มหาวิทยาลัยราชภัฏพระนคร ถนนแจ้งวัฒนะ แขวงอนุสาวรีย์ เขตบางเขน กรุงเทพมหานคร 10220,"0 2521 3267, 0 2225 2777 ต่อ 427",https://maps.app.goo.gl/59Lj2wJtDoKDryfV6,พุธ-อาทิตย์ 08:30-16:30
6,บางเขน,ตลาดต้นไม้ กองพันทหารราบ 11,ตลาดต้นไม้,กรมทหารราบที่ 11 รักษาพระองค์ ถนนพหลโยธิน แขวงอนุสาวรีย์ เขตบางเขน กรุงเทพมหานคร 10220,08 7995 3227,https://maps.app.goo.gl/VDcxinbK3kNfcNTq6,06:00-18:00
7,บางเขน,ตลาดนัดทุ่งทองหนองกง,ตลาดนัด,ริมคลองบึงพระยาสุเรนทร์ ชุมชนเกษตรก้าวหน้าลำรางหนองกง ซอยกาญจนาภิเษก 6 แขวงท่าแร้ง เขตบางเขน กรุงเทพมหานคร 10220,0 2986 0751,https://maps.app.goo.gl/e4Pmfzk8gTr2NZKv5,ไม่พบข้อมูล
8,บางเขน,ศูนย์เรียนรู้ดูทุ่งบางเขน,ศูนย์เรียนรู้ด้านการเกษตร,ริมคลองบึงพระยาสุเรนทร์ ชุมชนเกษตรก้าวหน้าลำรางหนองกง ซอยกาญจนาภิเษก 6 (เข้าซอยประมาณ 800 เมตร) แขวงท่าแร้ง เขตบางเขน กรุงเทพมหานคร 10200,"0 2972 9960, 0 2521 0666 ต่อ 5885-5886 หรือติดต่อเพื่อเข้าชมหรือทำกิจกรรมได้ที่ ฝ่ายพัฒนาชุมชน เขตบางเขน โทร. 0 2986 0751",https://maps.app.goo.gl/dYp1r2V9qTzWeWoY7,ไม่พบข้อมูล
9,บางเขน,วัดพระศรีมหาธาตุวรมหาวิหาร,วัด,เลขที่ 149 ถนนพหลโยธิน แขวงอนุสาวรีย์ เขตบางเขน กรุงเทพมหานคร 10220,0 2986 0832,https://maps.app.goo.gl/2ET1RpEhhjA9QZbG8,เปิดทุกวัน 07:00-18:00
10,บางเขน,วัดบางบัว,วัด,เลขที่ 50 ซอยพหลโยธิน 46 แขวงอนุสาวรีย์ เขตบางเขน กรุงเทพฯ 10220,0 2940 1287,https://maps.app.goo.gl/TpqoasMZ9AVfkoX89,เปิดทุกวัน 08:00-17:00
11,บางเขน,เสถียรธรรมสถาน,สถานปฏิบัติธรรม,เลขที่ 23 ถนนวัชรพล รามอินทรา 55 แขวงท่าแร้ง เขตบางเขน กรุงเทพมหานคร 10230,"0 2519 1119, 0 2510 6697, 09 1831 2294",https://maps.app.goo.gl/wd5RqK5KhH8Wg6Xf9,เปิดทุกวัน 07:30-17:00
12,บางเขน,ตลาดยิ่งเจริญ,ตลาดสด,เลขที่ 651 ถนนพหลโยธิน แขวงอนุสาวรีย เขตบางเขน กรุงเทพมหานคร 10220,0 2972 3405 - 7,https://maps.app.goo.gl/MzhA6An8y92Q9No18,เปิดทุกวัน 24 ชั่วโมง
13,บางเขน,The 9 Resort,ห้องพักรายวัน-รายเดือน,เลขที่ 2/2 ซอยรามอินทรา 34 แยก 12 แขวงท่าแร้ง เขตบางเขน กรุงเทพมหานคร 10230,08 2342 2222,https://maps.app.goo.gl/czyCQUMsnFmu9jSr7,เช็คอิน 14:00 เช็คเอาท์ 12:00 (Front Desk 24 ชม.)
14,บางเขน,ร้านระกาแฟ,ร้านกาแฟ,เลขที่ 48 ซอย 8/37 ถนนรามอินทรา แขวงอนุสาวรีย์ เขตบางเขน กรุงเทพมหานคร 10220,08 8869 8987,https://maps.app.goo.gl/UoAwzx8rw4SGjRsR8,ไม่พบข้อมูล
15,บางเขน,สวนอาหารบางบัว,ร้านอาหาร,เลขที่ 213/1 ถนนพหลโยธิน แขวงอนุสาวรีย์ เขตบางเขน กรุงเทพมหานคร 10220,0 2552 6088,https://maps.app.goo.gl/9e4fC3mrt7d7CZDC7,เปิดทุกวัน 10:00-21:00
16,บางขุนเทียน,วัดบางกระดี่,วัด,41 หมู่ 8 ถนนบางกระดี่ แขวงแสมดำ เขตบางขุนเทียน กรุงเทพฯ 10150,0 2896 9979,https://goo.gl/maps/JTGdbEYstq7DKymH7,ไม่พบข้อมูล
17,บางขุนเทียน,วัดกก,วัด,ถนนพระราม 2 ซอย 44 แยก 5 แขวงท่าข้าม เขตบางขุนเทียน กรุงเทพฯ 10150,"0 2415 1392, 09 4416 6075, 06 2545 6236",https://goo.gl/maps/1FPuhqcyKfeDQHBD6,ไม่พบข้อมูล
18,บางขุนเทียน,ทะเลบางขุนเทียน,แหล่งธรรมชาติ,ถนนบางขุนเทียน - ชายทะเล เขตบางขุนเทียน กรุงเทพฯ 10150,,https://goo.gl/maps/2ZkrTerfSnxz749K6,06:00-18:00
19,บางขุนเทียน,พิพิธภัณฑ์ท้องถิ่นกรุงเทพมหานคร เขตบางขุนเทียน,พิพิธภัณฑ์,54/2 หมู่ 10 โรงเรียนคลองพิทยาลงกรณ์ แขวงท่าข้าม เขตบางขุนเทียน กรุงเทพฯ 10150,09 5141 5381 (คุณฮาร์เลย์),https://goo.gl/maps/dX767fjLbL8n92vt6,จันทร์-อาทิตย์ 09:00-16:00
20,บางขุนเทียน,ศูนย์ศิลปวัฒนธรรมมอญบางกระดี่,พิพิธภัณฑ์,หมู่ 9 ถนนพระราม2 แขวงแสมดำ เขตบางขุนเทียน  กรุงเทพฯ 10150,08 1383 7266,https://goo.gl/maps/7RNbxMaAmnhqVGzE7,ไม่พบข้อมูล
21,บางขุนเทียน,ศาลเจ้าแม่งูจงอางและลูก,ศาล,9 พระราม 2 ซอย 46 แขวงแสมดำ เขตบางขุนเทียน กรุงเทพฯ 10150,,https://goo.gl/maps/hoB6a5VZcvYVFREy5,ไม่พบข้อมูล
22,บางขุนเทียน,วัดหัวกระบือ,วัด,77 ซอยเทียนทะเล 19 แขวงท่าข้าม เขตบางขุนเทียน กรุงเทพฯ 10150,0 2897 2445,https://goo.gl/maps/J1mXzgjD5v5kAJri7,ไม่พบข้อมูล
23,บางขุนเทียน,พิพิธภัณฑ์ว่าวไทย,พิพิธภัณฑ์,โรงเรียนทวีธาภิเศก 2 เลขที่ 91/128 หมู่ 8 ถนนบางขุนเทียน - ชายทะเล แขวงท่าข้าม เขตบางขุนเทียน กรุงเทพฯ 10150,"0 2849 3310, 09 9103 4283",https://goo.gl/maps/ViXCqNVtwjVgNpoZA,จันทร์-ศุกร์ 09:00-16:00
24,บางขุนเทียน,ชุมชนแสนตอ,ชุมชนท่องเที่ยว,115/7 หมู่ที่ 9 คลองแสนตอ แขวงท่าข้าม เขตบางขุนเทียน กรุงเทพฯ 10150,"08 7071 7242 (ลุงสอน), 09 6040 9370 (บริษัท Local Alike)",https://goo.gl/maps/3FNb7qFCEWLjmTpo7,ไม่พบข้อมูล
25,บางขุนเทียน,สวนส้มบางมด ผู้ใหญ่ชาติ เที่ยงธรรม,สวนส้ม/แหล่งเกษตรกรรม,ซอยอนามัยงามเจริญ 33 แยก 1 - 3 แขวงท่าข้าม เขตบางขุนเทียน กรุงเทพฯ 10150,06 2652 4559 (ผู้สนใจเยี่ยมชมกรุณาโทรศัพท์นัดหมายผู้ใหญ่ชาติล่วงหน้า),https://goo.gl/maps/WjKyHDW8zEWzRHXa8,ไม่พบข้อมูล
26,บางขุนเทียน,สะพานรักษ์ทะเลบางขุนเทียน,เส้นทางศึกษา-เที่ยวชมธรรมชาติ/เส้นทางจักรยาน,ถนนบางขุนเทียน - ชายทะเล แขวงท่าข้าม เขตบางขุนเทียน กรุงเทพฯ 10150,,https://goo.gl/maps/71zadK6hBSCxrYKbA,06:00-18:00
27,บางขุนเทียน,ครัวทับทิมซีฟู้ด,ร้านอาหาร,712/2 ถนนบางขุนเทียน - ชายทะเล แขวงท่าข้าม เขตบางขุนเทียน กรุงเทพฯ 10150,"0 2004 9225, 08 7589 0811, 09 0982 7750, 08 1376 4173",https://goo.gl/maps/C3DVRj7vZKxe21D67,เปิดทุกวัน 10:00-21:30
28,บางขุนเทียน,ธารทะเลซีฟู้ด,ร้านอาหาร,1025/3 ถนนบางขุนเทียน-ชายทะเล แขวงท่าข้าม เขตบางขุนเทียน กรุงเทพฯ 10150,06 2819 9333,https://goo.gl/maps/VwCcTDqT1d4KyXWH7,เปิดทุกวัน 10:00-22:00
29,บางขุนเทียน,BANGKOK SEAVIEW SEAFOOD,ร้านอาหาร,275 ถนนชายทะเล - บางขุนเทียน แขวงท่าข้าม เขตบางขุนเทียน กรุงเทพฯ 10150,"0 2408 4008, 08 9894 3595",https://goo.gl/maps/tJeYgG6acXu6XjZu5,เปิดทุกวัน 10:00-21:00
30,บางขุนเทียน,ดอกไม้ ประตู แจกัน,คาเฟ่/ร้านอาหาร/ร้านกาแฟ,17/2 ถนนพระรามสอง ซอย 51 แขวงท่าข้าม เขตบางขุนเทียน กรุงเทพฯ 10150,08 1847 1026,https://goo.gl/maps/T8H7MTwGwd2xBheJ8,09:00-18:00
31,บางบอน,สวนสาธารณะเฉลิมพระเกียรติ ฯ 7 รอบ,สวนสาธารณะ,เลขที่ 563 ซอยเอกชัย 109 แขวงบางบอน เขตบางบอน กรุงเทพมหานคร 10150,0 2453 0161 2684,https://maps.app.goo.gl/K7D5DRQV5oZPppvM6,เปิดทุกวัน 05:00-21:00
32,บางบอน,Zanook Wake Park Wakeboard,สนามกีฬาทางน้ำ,เลขที่ 77 แขวงบางบอน เขตบางบอน  กรุงเทพมหานคร  10150,06 4242 5159 / 02 104 9153,https://maps.app.goo.gl/qmmSM58uzaBQadWD8,จันทร์-ศุกร์ 11:30-20:30 เสาร์-อาทิตย์ 09:00-20:30
33,บางบอน,โกดังญี่ปุ่น ปัง,ศูนย์การค้า,เลขที่ 133 แขวงบางบอน เขตบางบอน กรุงเทพมหานคร 10150,08 3710 0017,https://maps.app.goo.gl/pCqP1m9oP9157xHS9,ไม่พบข้อมูล
34,บางบอน,สวนลุงเข้ม,สวนเกษตร,เลขที่ 35 แขวงบางบอน เขตบางบอน กรุงเทพมหานคร 10150,0 2453 0612,https://maps.app.goo.gl/Lg8dpvZgrZFKBhDCA,ไม่พบข้อมูล
35,บางบอน,วัดโพธิ์พุฒตาล,ศาสนสถาน,เลขที่ 1670 แขวงบางบอน เขตบางบอน กรุงเทพมหานคร 10150,-,https://maps.app.goo.gl/z3xXoCmrZX3rtcbd9,ไม่พบข้อมูล
36,บางบอน,วัดร้างบางบอน (วิหารหลวงพ่อขาว),ศาสนสถาน,เลขที่ 2 แขวงบางบอน เขตบางบอน กรุงเทพมหานคร 10150,-,https://maps.app.goo.gl/XTwyBdkp7BQ62VwY7,ไม่พบข้อมูล
37,บางบอน,สวนน้อยรักษา,สวนเกษตร,เลขที่ 76/8 แขวงบางบอน เขตบางบอน กรุงเทพมหานคร 10150,0 2445 5500,https://maps.app.goo.gl/Pvo3sCrbeTRACxuM9,ไม่พบข้อมูล
38,บางบอน,ห้องสมุดเพื่อการเรียนรู้บางบอน,ห้องสมุด,เลขที่ 109 แขวงบางบอน เขตบางบอน กรุงเทพมหานคร 10150,0 2450 6946,https://maps.app.goo.gl/yJHsbq4nnv4roauy6,อังคาร-เสาร์ 08:30-20:00 อาทิตย์ 09:00-17:00 ปิดวันจันทร์
39,บางบอน,The Rich Plaza (เดอะ ริช พลาซ่า),ศูนย์การค้า,เลขที่ 763 แขวงบางบอน เขตบางบอน กรุงเทพมหานคร 10150,08 8188 4888,https://maps.app.goo.gl/YBoHkjFpAnTAVPRX9,ไม่พบข้อมูล
40,บางบอน,ตลาดสุขสวัสดี,ตลาดสด,เลขที่ 66  แขวงบางบอน เขตบางบอน กรุงเทพมหานคร  10150,08 9489 8488,https://maps.app.goo.gl/yden7BNo68mKgqNj8,ไม่พบข้อมูล
41,บางบอน,ตลาดนัดมิดไนท์ บางบอน 5,ตลาดนัด,เลขที่ 5 แขวงบางบอน เขตบางบอน กรุงเทพมหานคร 10150,08 9505 6510,https://maps.app.goo.gl/19XYTKC8dem8haTB8,ไม่พบข้อมูล
42,บางบอน,ตลาดกลางสินค้าสัตว์น้ำบางบอน,ตลาดสด,เลขที่ 1 แขวงบางบอน เขตบางบอน กรุงเทพมหานคร 10150,0 2450 3868,https://maps.app.goo.gl/krhzg58DD89dWgZRA,ไม่พบข้อมูล
43,บางบอน,Rose and love garden,สวนเกษตร,เลขที่ 53 แขวง บางบอน เขตบางบอน กรุงเทพมหานคร 10150,08 1888 3018,https://maps.app.goo.gl/kX3EVmRZTZCZUwAJA,ไม่พบข้อมูล
44,บางบอน,ตลาดวันโอวันมาร์เก็ต,ตลาดสด,เลขที่ 1137/2 แขวงบางบอนใต้ เขตบางบอนกรุงเทพมหานคร 10150,09 7987 7989,https://maps.app.goo.gl/cPztb4kpWsCX4pKW6,เปิดทุกวัน 11:00-23:00
45,บางบอน,สวนลำไยลุงมานพ,สวนเกษตร,เลขที่ 26/3 ถนน เอกชัย แขวงบางบอน เขตบางบอน กรุงเทพมหานคร 10150,09 4860 3019,https://maps.app.goo.gl/GgqfdgB3Btka937T6,ไม่พบข้อมูล
46,บางแค,ไร่เหมือนจันทร์,แหล่งท่องเที่ยวเชิงเกษตร,166/1 ถนนเลียบคลองทวีวัฒนา แขวงบางไผ่ เขตบางแค กรุงเทพมหานคร 10160,08 1168 6565,https://maps.app.goo.gl/8Hi6TJaJNE5CE9Wf9,เปิดทุกวัน 09:00-17:00
47,บางแค,วัดม่วง บางแค,วัด,ซอยเพชรเกษม 63 ถนนเพชรเกษม แขวงหลักสอง เขตบางแค กรุงเทพมหานคร 10160,"0 2413 4901, 09 6446 9491",https://maps.app.goo.gl/yxc3kX8AGVaYQ4oH9,ไม่พบข้อมูล
48,บางแค,ศาลเจ้าแม่ทับทิมหลักสอง (บางแค),ศาลเจ้า,498 ถนนกาญจนาภิเษก แขวงหลักสอง เขตบางแค กรุงเทพมหานคร 10160,0 2803 6360,https://maps.app.goo.gl/9Ato8sdvqS6hczdp6,เปิดทุกวัน 07:00-18:00
49,บางแค,ตลาดบางแค,ตลาด,17 ซอยเพชรเกษม 39/1 แขวงบางแค เขตบางแค กรุงเทพมหานคร 10160,0 2867 1635,https://maps.app.goo.gl/ZKUYHfSEa5MMoRpSA,ไม่พบข้อมูล
50,บางแค,วัดราษฏร์บำรุง,วัด,10 ซอยเพชรเกษม 69 ถนนเพชรเกษม แขวงหลักสอง เขตบางแค กรุงเทพมหานคร 10160,0 2421 1371,https://maps.app.goo.gl/16wm17QJ32M4Uuo69,ไม่พบข้อมูล
51,บางแค,วัดพรหมสุวรรณสามัคคี,วัด,8 หมู่4 หมู่บ้านเศรษฐกิจ ซอย12 แขวงบางไผ่ เขตบางแค กรุงเทพมหานคร 10160,0 2421 7169,https://maps.app.goo.gl/QKLbuQ8WJxpMqkK17,ไม่พบข้อมูล
52,บางแค,ห้างสรรพสินค้าเดอะมอลล์บางแค,ห้างสรรพสินค้า,518 ถนนเพชรเกษม แขวงบางแคเหนือ เขตบางแค กรุงเทพมหานคร 10160,0 2487 1000,https://maps.app.goo.gl/CGZphNs9d1nTmBTY6,เปิดทุกวัน 11:00-21:00
53,บางแค,สวนเพชรกาญจนารมย์,สวนสาธารณะ,แขวงบางแคเหนือ เขตบางแค กรุงเทพมหานคร 10160,0 2867 1635,https://maps.app.goo.gl/gWspTjTkRW8c8WbV8,เปิดทุกวัน 05:00-21:00
54,บางแค,สวนบางแคภิรมย์,สวนสาธารณะ,ซอยบ้านคลองขวาง แขวงหลักสอง เขตบางแค กรุงเทพมหานคร 10160,0 2867 1635,https://maps.app.goo.gl/VqFQhjLgrVtgintF7,เปิดทุกวัน 05:00-21:00
55,บางแค,สวนสาธารณะกัลปพฤกษ์,สวนสาธารณะ,ถนนกัลปพฤกษ์ แขวงบางแค เขตบางแค กรุงเทพมหานคร 10160,09 9632 0013,https://maps.app.goo.gl/8eW3gLzxVBUdNpDo9,ไม่พบข้อมูล
56,บางแค,The Explace Mall,ห้างสรรพสินค้า,60/1 ถ. กาญจนาภิเษก แขวงบางแค เขตบางแค กรุงเทพมหานคร 10160,0 2413 1555,https://maps.app.goo.gl/5ZxTNacvpFHhv5nx6,เปิดทุกวัน 10:30-21:00
57,บางแค,วัดศาลาแดง,วัด,134 หมู่ 6 ถนนบางแวก แขวงบางไผ่ เขตบางแค กรุงเทพมหานคร 10160,0 2421 1375,https://maps.app.goo.gl/rVs7TspPz3E53XZU6,ไม่พบข้อมูล
58,บางแค,วัดบุณยประดิษฐ์,วัด,9 พุทธมณฑล สาย 2 ซอย 7 แขวงบางไผ่ เขตบางแคกรุงเทพมหานคร 10160,"0 2413 3042, 0 2454 7029",https://maps.app.goo.gl/rcgKQ1Vg1SfEj4N7A,ไม่พบข้อมูล
59,บางแค,พิพิธภัณฑ์เทพศรียันตราเทวาลัย,พิพิธภัณฑ์,1483 ถนนกาญจนาภิเษก แขวงบางแคเหนือ เขตบางแค กรุงเทพมหานคร 10160,09 6654 6159,https://maps.app.goo.gl/Qou7JSRSWvA8XLaF6,เปิดทุกวัน 08:00-19:00
60,บางนา,วัดบางนาใน,ศาสนสถาน,3322 ถนนสรรพาวุธ 1 แขวงบางนา เขตบางนา กรุงเทพมหานคร 10260,"08 9487 2443, 0 2393 2684",https://maps.app.goo.gl/PoidsTUW8SKnwKGg8,ไม่พบข้อมูล
61,บางนา,วัดบางนานอก,ศาสนสถาน,18 ถนนสรรพาวุธ แขวงบางนา เขตบางนา กรุงเทพมหานคร 10260,0 2173 4982,https://maps.app.goo.gl/pXATTqgXfKxrUVZe8,ไม่พบข้อมูล
62,บางนา,วัดศรีเอี่ยม,ศาสนสถาน,111 ถนนบางนา - ตราด แขวงบางนาเหนือ เขตบางนา กรุงเทพมหานคร 10260,"0 2398 4759 , 08 1869 4383",https://maps.app.goo.gl/jvmShSC1tDtq9Th56,05:00-20:00
63,บางนา,ศูนย์นิทรรศการและการประชุมไบเทค,ศูนย์นิทรรศการและการประชุม,88 ถนนเทพารัตน กม.1 แขวงบางนา เขตบางนา กรุงเทพมหานคร 10260,"0 2726 1999, 0 2749 3939 , 0 2361 1916",https://maps.app.goo.gl/yUkGbzwpSWmwQ6EK8,ไม่พบข้อมูล
64,บางนา,พิพิธภัณฑ์ การเรียนรู้อุตุนิยมวิทยา,พิพิธภัณฑ์,4353 ถนนสุขุมวิท แขวงบางนา เขตบางนา กรุงเทพมหานคร 10260,0 2366 9301 ต่อ 6101 - 6102,https://maps.app.goo.gl/6X4dVWynFQWHy1LN6,จันทร์-ศุกร์ 10:00-16:00 ปิดเสาร์-อาทิตย์
65,บางนา,พิพิธภัณฑ์ท้องถิ่นกรุงเทพมหานครเขตบางนา,พิพิธภัณฑ์,ภายในวัดบางนาใน ถนนสุขุมวิท แขวงบางนา เขตบางนา กรุงเทพมหานคร 10260,0 2398 3758,https://maps.app.goo.gl/bZ4tXpMCLsLxwZ3w9,พุธ-อาทิตย์ 08:30-16:30
66,บางนา,สวนน้ำ Pororo Aquapark BKK,สวนน้ำ,ชั้น 6 ศูนย์การค้าเซ็นทรัลบางนา ถนนบางนา - ตราด แขวงบางนา เขตบางนา กรุงเทพมหานคร 10260,0 2745 7377,https://maps.app.goo.gl/EQ84KsLQcREmCq9i7,เปิดทุกวัน 10:30-19:00
67,บางนา,ลิตเติ้ลวอล์ค บางนา,ศูนย์การค้า,769/1-3 ถนนบางนา - ตราด 42 แขวงบางนา เขตบางนา กรุงเทพมหานคร 10260,"0 2898 6420, 06 1825 9293, 08 1752 7089",https://maps.app.goo.gl/GT5AHHLcnUhGLTZGA,เปิดทุกวัน 08:00-20:00
68,บางนา,ตลาดนัด AD Bearing Market,ตลาดนัด,591 ถนนแบริ่ง - ลาซาล แขวงบางนา เขตบางนา กรุงเทพมหานคร 10260,08 3839 8998,https://maps.app.goo.gl/9FZ13maGPQ3JmtWL7,ไม่พบข้อมูล
69,บางนา,เซ็นทรัลพลาซา บางนา,ศูนย์การค้า,585 ศูนย์การค้าเซ็นทรัลพลาซาบางนา ถนนบางนา – ตราด แขวงบางนา เขตบางนา กรุงเทพมหานคร 10260,0 2725 5000,https://maps.app.goo.gl/4FUJApvYkhj7cDB7A,เปิดทุกวัน 10:00-22:00
70,บางนา,สนามกอล์ฟราชนาวี บางนา,สนามกีฬา,4355 ถนนสุขุมวิท แขวงบางนา เขตบางนา กรุงเทพมหานคร 10260,0 2393 1652,https://maps.app.goo.gl/Gv5btWu9MqpdvART8,ไม่พบข้อมูล
71,บางนา,สนามไดร์ฟกอล์ฟ วันโอวัน,สนามกีฬา,22 ถนนสุขุมวิท 70/3 แขวงบางนา เขตบางนา กรุงเทพมหานคร 10260,09 2948 4650,https://maps.app.goo.gl/TzyuanLv5fvAsBUB9,ไม่พบข้อมูล
72,บางนา,วัดผ่องพลอยวิริยาราม,ศาสนสถาน,229 ซอยลาซาล 46 แขวงบางนา เขตบางนา กรุงเทพมหานคร 10260,"09 2186 1515, 0 2748 6832",https://maps.app.goo.gl/xFQdfAWptiExTmSeA,ไม่พบข้อมูล
73,บางนา,สวนบางนาภิรมย์,สวนสาธารณะ,ถนนสรรพาวุธ แขวงบางนา เขตบางนา กรุงเทพมหานคร 10260,0 2173 5253,https://maps.app.goo.gl/9LpDfohDZKfLJcgv5,เปิดทุกวัน 06:00-18:00
74,บางนา,สระว่ายน้ำภูติอนันต์ 2,สนามกีฬา,134 - 163 กรมอุทกศาสตร์ทหารเรือ ถนนทางรถไฟสายเก่าปากน้ำ แขวงบางนา เขตบางนา กรุงเทพมหานคร 10260,0 2475 2024,https://maps.app.goo.gl/ErxkttbvqGN84yLV7,เปิดทุกวัน 06:30-20:30
75,บางซื่อ,วัดสร้อยทอง,ศาสนสถาน,1319 ถนนประชาราษฎร์สาย 1 แขวงบางซื่อ เขตบางซื่อ กรุงเทพมหานคร 10800**ใกล้สะพานพระราม 7**,"02-585-3335, 02-587-1881    โทรสาร :  02-912-6637",https://maps.app.goo.gl/PoQiRrKLcAXbo1o36,ไม่พบข้อมูล
76,บางซื่อ,วัดทองสุทธาราม (วัดทอง),ศาสนสถาน,279 ซอยกรุงเทพ-นนทบุรี 56 ถนนกรุงเทพ-นนทบุรี แขวงวงศ์สว่าง เขตบางซื่อ  กรุงเทพมหานคร 10800,"065-503-7175,  02-587-5079, 02-912-1583",https://maps.app.goo.gl/iPXnHipJnmRx9oYr8,เปิดทุกวัน 08:00-17:00
77,บางซื่อ,วัดประชาศรัทธาธรรม (วัดเสาหิน),ศาสนสถาน,98  ถนนวงศ์สว่าง  แขวงบางซื่อ  เขตบางซื่อ กรุงเทพมหานคร  10800 **เชิงสะพานพระราม 7  ฝั่งกรุงเทพฯ**,"02-585-1678, 02-587-8605",https://maps.app.goo.gl/eahYFrZ8UDySR4aY8,08:00-17:00
78,บางซื่อ,วัดเลียบราษฎร์บำรุง,ศาสนสถาน,1451  ซอยกรุงเทพ-นนทบุรี 43 (ซอยจงสุข)  ถนนกรุงเทพ-นนทบุรี แขวงบางซื่อ เขตบางซื่อ กรุงเทพมหานคร 10800,"02-585-7077, 090-983-4746",https://maps.app.goo.gl/ZDpgedvBwKpUhvzJ6,ไม่พบข้อมูล
79,บางซื่อ,วัดมัชฌันติการาม (วัดน้อย),ศาสนสถาน,102  ซอยวงศ์สว่าง 11 ถนนวงศ์สว่าง  แขวงวงศ์สว่าง  เขตบางซื่อ กรุงเทพมหานคร 10800,"02-587-6750, 094-004-6876, 086-542-3319",https://maps.app.goo.gl/aSdh5bTDPQYwcG1o7,ไม่พบข้อมูล
80,บางซื่อ,วัดบางโพโอมาวาส,ศาสนสถาน,90 ถนนประชาราษฏร์สาย 1 แขวงบางซื่อ เขตบางซื่อ กรุงเทพมหานคร 10800,"089-514-7889,  090-924-1819, 062-410-8602",https://maps.app.goo.gl/J6ghsCqJp8qfR7Rn9,ไม่พบข้อมูล
81,บางซื่อ,วัดอนัมนิกายาราม วัดญวนบางโพ กว๋างเพื้อกตื่อ,ศาสนสถาน,27 ถนนประชาราษฎร์ สาย1 แขวงบางซื่อ เขตบางซื่อ กรุงเทพมหานคร 10800,02- 912-7470,https://maps.app.goo.gl/SuNJMLeB3kxJQcJ88,เปิดทุกวัน 08:00-17:00
82,บางซื่อ,วัดประดู่ธรรมาธิปัตย์,ศาสนสถาน,102 ประชาราษฎร์สาย 1 แขวงบางซื่อ เขตบางซื่อ กรุงเทพมหานคร 10800,"02-585-4752, 086-024-8995",https://maps.app.goo.gl/NsBnL5YnMHY4xTad8,ไม่พบข้อมูล
83,บางซื่อ,วัดเวตวันธรรมวาส  (วัดเชิงหวาย),ศาสนสถาน,17  หมู่  4  ซอยกรุงเทพ–นนทบุรี 21  ถนนกรุงเทพ – นนทบุรี  แขวงบางซื่อ  เขตบางซื่อ กรุงเทพมหานคร 10800,"02-911-5246,  02-585-0158,  089-510-6009",https://maps.app.goo.gl/LPg9anPzEnic2uPN9,ไม่พบข้อมูล
84,บางซื่อ,ถนนสายไม้ บางโพ ชุมชนประชานฤมิตร,ย่านการค้า,ซอยประชานฤมิตร ถนนประชาราษฏร์ 1 แขวงบางซื่อ เขตบางซื่อ กรุงเทพมหานคร 10800,"082-959-7710, 08-2021-9880",https://maps.app.goo.gl/DqyRXPJWmtovq4ga8,ไม่พบข้อมูล
85,บางซื่อ,บ้านเปรมใจ – ศูนย์ซ่อม – สร้างเครื่องดนตรีไทย,โรงเรียน,7 หมู่ 14 ซอยประชาชื่น 37 (สุดซอย 6) ถนนประชาชื่น แขวงบางซื่อ เขตบางซื่อ กรุงเทพมหานคร 10800,02-587-8969,https://maps.app.goo.gl/dhbEVMSiJz6MhYqp8,ไม่พบข้อมูล
86,บางซื่อ,พิพิธภัณฑ์บ้านนักเขียน ส.บุญเสนอ,พิพิธภัณฑ์,สมาคมนักเขียนแห่งประเทศไทย 31 ซอยกรุงเทพ-นนทบุรี 33 (ซอยเทวรัตน์) แขวงบางซื่อ เขตบางซื่อ กรุงเทพมหานคร 10800,02-910-9565       โทรสาร :   02-910-9565,https://maps.app.goo.gl/ov6DYXtSUcYfDeM5A,ต้องนัดหมายล่วงหน้า
87,บางซื่อ,พิพิธภัณฑ์ท้องถิ่นกรุงเทพมหานคร เขตบางซื่อ,พิพิธภัณฑ์,ชั้น 2  โรงเรียนปริยัติธรรมวัดสร้อยทอง  1319  ถนนประชาราษฎร์สาย 1  แขวงบางซื่อ  เขตบางซื่อ  กรุงเทพมหานคร 10800,"02-581-5801,   02-585-5101,  097-059-2862",https://maps.app.goo.gl/wEy9rcC9kCM6UKnU6,พุธ-อาทิตย์ 10:00-16:00
88,บางซื่อ,หัวโขน ชุมชนสะพานไม้,ชุมชน,602  ชุมชนสะพานไม้  ซอยประชาชื่น 18  ถนนประชาชื่น  แขวงบางซื่อ  เขตบางซื่อ กรุงเทพมหานคร 10800,":    02-585-7693,  081-318-2084",https://maps.app.goo.gl/Jmk3sG93RRR9tx7L6,ไม่พบข้อมูล
89,บางซื่อ,ตลาดสดมณีพิมาน – ตลาดเตาปูน,ย่านการค้า,44/14 อาคารศูนย์การค้ามณีพิมาน ถนนกรุงเทพฯ-นนทบุรี แขวงบางซื่อ เขตบางซื่อกรุงเทพมหานคร 10800,"02-046-8585,  062-651-8198",https://maps.app.goo.gl/QPYmN6Uydzxr7pWk8,เปิดทุกวัน 05:00-19:00
90,บึงกุ่ม,ตลาดปัฐวิกรณ์ (Pattavikorn Market),ตลาดสด,ถนนนวมินทร์ แขวงคลองกุ่ม เขตบึงกุ่ม กรุงเทพมหานคร 10230,-,https://maps.app.goo.gl/aumJ99DLAuWqLnhj9,ไม่พบข้อมูล
91,บึงกุ่ม,สวนเสรีไทย,สวนสาธารณะ,ถนนเสรีไทย แขวงคลองกุ่ม เขตบึงกุ่ม กรุงเทพมหานคร 10230,0 2379 7884,https://maps.app.goo.gl/ihcCChQhBjUS4YqW9,ไม่พบข้อมูล
92,บึงกุ่ม,สยามเจมส์ เฮอริเทจ,พิพิธภัณฑ์,234 ถนนประดิษฐ์มนูธรรม แขวงนวลจันทร์ เขตบึงกุ่ม กรุงเทพมหานคร 10220,0 2766 9500 09 7365 9142,https://maps.app.goo.gl/6SArZVMXFDy5QE9u7,ไม่พบข้อมูล
93,บึงกุ่ม,ศูนย์ประติมากรรมกรุงเทพฯ,พิพิธภัณฑ์,4/18-19 ซอยนวลจันทร์ 56 แขวงคลองกุ่ม เขตบึงกุ่ม กรุงเทพมหานคร 10230,"0 2088 3888 ต่อ 1303, 1314",https://maps.app.goo.gl/2SHobbFRNCb2YNot8,ไม่พบข้อมูล
94,บึงกุ่ม,วัดนวลจันทร์,ศาสนสถาน,ถนนนวลจันทร์ แขวงนวลจันทร์ เขตบึงกุ่ม กรุงเทพมหานคร 10230,0 2184 2554,https://maps.app.goo.gl/GZqfzuhjmTeak9m78,ไม่พบข้อมูล
95,บึงกุ่ม,วัดบางเตย,ศาสนสถาน,39 หมู่ 6 ซอยนวมินทร์ 60 ถนนนวมินทร์ แขวงคลองกุ่ม เขตบึงกุ่ม กรุงเทพมหานคร 10230,0 2510 0515,https://maps.app.goo.gl/7M6AUNGduNJXXZY69,ไม่พบข้อมูล
96,บึงกุ่ม,วัดสุวรรณประสิทธิ์,ศาสนสถาน,31/2 ถนน นวมินทร์ ซอย 42 ซอยสุวรรณประสิทธิ์ แขวงคลองกุ่ม เขตบึงกุ่ม กรุงเทพมหานคร 				10240,0 2138 6680,https://maps.app.goo.gl/zDaUrHSkXhhVjF2Z7,ไม่พบข้อมูล
97,บึงกุ่ม,Sailom Sangdad Homey Studio,สตูดิโอถ่ายภาพ,92/10 ถนนรามอินทรา แขวงนวลจันทร์ เขตบึงกุ่ม กรุงเทพมหานคร 10230,09 3232 9223,https://maps.app.goo.gl/dyzdszLkNQrscdD58,ไม่พบข้อมูล
98,บึงกุ่ม,วัดพิชัย,ศาสนสถาน,30 ถนนเสรีไทย แขวงคลองกุ่ม เขตบึงกุ่ม กรุงเทพมหานคร 10240,0 2377 9978,https://maps.app.goo.gl/gU4SWYRAQ8mDfmPa9,ไม่พบข้อมูล
99,บึงกุ่ม,สวนนวมินทร์ภิรมย์,สวนสาธารณะ,16 ถนนศรีบูรพา แขวงคลองกุ่ม เขตบึงกุ่ม กรุงเทพมหานคร 10240,0 2364 7422 ต่อ 6289-90,https://maps.app.goo.gl/iq5nfUAUBBD58moP9,ไม่พบข้อมูล
100,บึงกุ่ม,NJ Golf Club สนามไดร์ฟกอล์ฟ,สนามกีฬา,127 399 ถนนนวลจันทร์ ซอยรามอินทรา 40 เขตบึงกุ่ม กรุงเทพมหานคร 10230,0 2949 9604,https://maps.app.goo.gl/aZPcbcPW5wvW3eAG7,ไม่พบข้อมูล
101,บึงกุ่ม,Badminton One,สนามกีฬา,"377,22 หมู่ 9 ถนนคลองลำเจียก แขวงนวลจันทร์ เขตบึงกุ่ม กรุงเทพมหานคร 10230","2509 3008 , 08 9155 5115 ติอต่อคุณ อรสา",https://maps.app.goo.gl/JHNcjoRAPUTFuCpHA,ไม่พบข้อมูล
102,บึงกุ่ม,Heavy Crepes & Coffee @คลองลําเจียก,คาเฟ่,ถนนคลองลำเจียก แขวงนวลจันทร์ เขตบึงกุ่ม กรุงเทพมหานคร 10230,"09 3515 9941, 08 3420 1800",https://maps.app.goo.gl/T87znWY9P8Dwcm2Q7,ไม่พบข้อมูล
103,บึงกุ่ม,Town Tree (ทาวน์ทรี),คาเฟ่,ถนนประเสริฐมนูญกิจ แขวงนวมินทร์ เขตบึงกุ่ม กรุงเทพมหานคร 10240,"02 508 0485, 08 3430 6888",https://maps.app.goo.gl/oZhRwzJfJUyQThGH7,ไม่พบข้อมูล
104,จตุจักร,ตลาดนัดจตุจักร,ตลาดนัด,ถนนกำแพงเพชร 2 แขวงจตุจักร  เขตจตุจักร กรุงเทพมหานคร 10900,02-272-4270-1 (กองอำนวยการตลาดกรุงเทพมหานคร),https://goo.gl/maps/Fz9aaTZp77P7z8f6A,เสาร์-อาทิตย์ 09:00-18:00
105,จตุจักร,ตลาดบองมาเช่,ตลาด/แหล่งรวมร้านอาหาร,เลขที่ 105/1 ถนนเทศบาลสงเคราะห์ แขวงลาดยาว เขตจตุจักร กรุงเทพมหานคร 10900,02-953-8980-9,https://goo.gl/maps/46VesA7QWt7whEj48,ไม่พบข้อมูล
106,จตุจักร,ตลาด อ.ต.ก.,ตลาด/แหล่งรวมร้านอาหาร,ถนนกำแพงเพชร แขวงจตุจักร เขตจตุจักร กรุงเทพมหานคร 10900,02-279-2080,https://goo.gl/maps/DMeVwfhneXCTpy797,เปิดทุกวัน 06:00-18:00
107,จตุจักร,ตลาดลุงเพิ่ม – ตลาดหลังการบินไทย,ตลาดนัด,อยู่ในซอยวิภาวดี 22  ใกล้ห้าแยกลาดพร้าวหรือโรงเรียนเซนต์จอห์น อยู่หลังตึกบริษัท การบินไทย สำนักงานใหญ่ (ถ.วิภาวดีรังสิต),090-445-1414,https://goo.gl/maps/DyiWyX8d1CAKNehL7,จันทร์-เสาร์ 08:00-17:00 ปิดวันอาทิตย์
108,จตุจักร,ศูนย์การค้ามิกซ์ จตุจักร,ศูนย์การค้า,เลขที่ 8 ถนนกำแพงเพชร 3  เขตจตุจักร  กรุงเทพมหานคร 10900,02-079-4888,https://goo.gl/maps/fNtiAgLkLBBPHCyv5,จันทร์-พฤหัส 10:00-20:00 ศุกร์-อาทิตย์ 10:00-22:00
109,จตุจักร,ศูนย์หัตถกรรมทองลงหิน,ศูนย์หัตถกรรม,เลขที่ 13 ซอยพหลโยธิน 47-49 เขตจตุจักร กรุงเทพมหานคร 10900,02-579-2861,https://goo.gl/maps/1Fus2muEwCig22sN6,ไม่พบข้อมูล
110,จตุจักร,วัดเสมียนนารี,วัด,เลขที่ 32 ถนนกำแพงเพชร 6 (เลียบถนนวิภาวดีรังสิต) แขวงลาดยาว เขตจตุจักร กรุงเทพมหานคร 10900,"02-589-4972, 02-954-4832, 02-580-2729",https://goo.gl/maps/CtarcHHk2HozqfMV8,05:00-20:00
111,จตุจักร,วัดเทวสุนทร (วัดสุนทริการาม),วัด,เลขที่ 33 ถนนวิภาวดี รังสิต แขวงลาดยาว เขตจตุจักร กรุงเทพมหานคร 10900,02-580-6729,https://goo.gl/maps/8CfAWMsiGmCCLPra9,06:00-18:00
112,จตุจักร,สวนสมเด็จพระนางเจ้าสิริกิติ์ฯ,สวนสาธารณะ,ถนนกำแพชร 2 แขวงลาดยาว เขตจตุจักร กรุงเทพมหานคร 10900,02-272-4358,https://goo.gl/maps/2tADpWhcWsxXje4DA,เปิดทุกวัน 05:00-21:00
113,จตุจักร,สวนวชิรเบญจทัศ (สวนรถไฟ),สวนสาธารณะ,ถนนกำแพงเพชร 3 แขวงลาดยาว เขตจตุจักร กรุงเทพมหานคร 10900,02-537-9221,https://goo.gl/maps/7Jz8sDhsgao4ZNBc9,เปิดทุกวัน 04:30-21:00
114,จตุจักร,อุทยานผีเสื้อและแมลงกรุงเทพฯ,แหล่งเรียนรู้,ถนนกำแพงเพชร 3 แขวงลาดยาว เขตจตุจักร กรุงเทพมหานคร 10900,"02-272-4359-60, 02-272-4680",https://goo.gl/maps/QRtbd2EaqBXv1aL46,อังคาร-อาทิตย์ 08:30-16:30 ปิดวันจันทร์
115,จตุจักร,หอจดหมายเหตุพุทธทาส อินทปัญโญ (สวนโมกข์ กรุงเทพฯ),หอจดหมายเหตุ,ถนนนิคมรถไฟสาย 2 แขวงจตุจักร เขตจตุจักร กรุงเทพมหานคร 10900,02-936-2800,https://goo.gl/maps/vP2EKCFZrW86cGvm7,เปิดทุกวัน 09:00-19:00
116,จตุจักร,พิพิธภัณฑ์เด็กกรุงเทพมหานคร  แห่งที่  1 (จตุจักร),พิพิธภัณฑ์/แหล่งเรียนรู้,เลขที่ 810 ถนนกำแพงเพชร 4 เขตจตุจักร กรุงเทพมหานคร 10900,02-272-4500,https://goo.gl/maps/pnunr52FECDagmhD6,ไม่พบข้อมูล
117,จตุจักร,เบียร์หิมะ (สาขาประชาชื่น),ร้านอาหาร,12/21 ซอยประชานิเวศน์ 1 ถนนเทศบาลสงเคราะห์ แขวงลาดยาว เขตจตุจักร  กรุงเทพมหานคร 10900,"02-954-3404-5, 089-827-6212, 085-819-9673",https://goo.gl/maps/XeU8D5g4eKKVGpG56,เปิดทุกวัน 11:00-23:00
118,จตุจักร,ครัวสา รสจัด,ร้านอาหารไทย,เลขที่ 112/1 ซอยวิภาวดีรังสิต 44 ถนนวิภาวดีรังสิต กรุงเทพมหานคร 10900,"02-561-3355, 02-579-0021, 02-579-0022, 081-496-9181",https://goo.gl/maps/ZhD5oySVVLhVj7WX8,เปิดทุกวัน 11:00-22:00
119,จอมทอง,วัดราชโอรสารามราชวรวิหาร,วัด,258 ซอยเอกชัย 4 ถนนเอกชัย จอมทอง กรุงเทพมหานคร 10150,0 2893 7274,https://maps.app.goo.gl/2i4mxvQJgSsevi3r7,ไม่พบข้อมูล
120,จอมทอง,วัดนางนองวรวิหาร,วัด,ซอยวุฒากาศ 42 ถนนวุฒากาศ แขวงบางค้อ เขตจอมทอง กรุงเทพมหานคร 10150,0 2875 4317,https://maps.app.goo.gl/nEuKGeGFSB5HDfSQA,ไม่พบข้อมูล
121,จอมทอง,วัดหนังราชวรวิหาร,วัด,200 ซอย วุฒากาศ 42 แขวงบ้างค้อ เขตอจอมทอง กรุงเทพมหานคร,08 7009 2900,https://maps.app.goo.gl/YnJaqW6Ar5BZp5CW8,06:00-18:00
122,จอมทอง,พิพิธภัณฑ์เพื่อการศึกษา วัดหนังราชวรวิหาร,พิพิธภัณฑ์,200 ซอย วุฒากาศ 42 แขวงบ้างค้อ เขตอจอมทอง กรุงเทพมหานคร 10150,"08 7009 2900 , 06 2925 6898",https://maps.app.goo.gl/78f9F7iZ2HGPNfZNA,เสาร์-อาทิตย์ ต้องติดต่อล่วงหน้า
123,จอมทอง,ตลาดอินดี้ดาวคะนอง,ตลาด,ซอยสุขสวัสดิ์ 2 ถนนสุขสวัสดิ์ จอมทอง กรุงเทพมหานคร 10150,0 2101 1236,https://maps.app.goo.gl/hgXH5dqGxk9QXw9m8,เปิดทุกวัน 17:00-24:00
124,จอมทอง,วัดไทร,วัด,ซอยเอกชัย 23 แขวง บางขุนเทียน เขตจอมทอง กรุงเทพมหานคร 10150,"0 2427 9098, 0 2427 4892",https://maps.app.goo.gl/Y5LKvq7JmktLp17E6,ไม่พบข้อมูล
125,จอมทอง,ตลาดน้ำวัดไทร,ตลาด,ซอยเอกชัย 23 แขวง บางขุนเทียน เขตจอมทอง กรุงเทพมหานคร 10150,"0 2427 9098, 0 2427 4892",https://maps.app.goo.gl/nYkX7HFX87eSHrEH6,เสาร์-อาทิตย์ 08:00-14:00
126,จอมทอง,พิพิธภัณฑ์ท้องถิ่นกรุงเทพมหานคร,พิพิธภัณฑ์,วัดยายร่ม ถนนพระรามที่ 2 ซอย 33 แขวงบางมด เขตจอมทอง กรุงเทพมหานคร 10150,0 2428 0685,https://maps.app.goo.gl/tdNBZ56Z7GU7Vcd88,พุธ-อาทิตย์ 09:00-16:30
127,จอมทอง,วัดบางขุนเทียนกลาง,วัด,"ซอย พระราม2 ซอย 28, ซอยจอมทอง 19 จอมทอง, กรุงเทพมหานคร 10150",,https://maps.app.goo.gl/YY1VQKruQRUmhWNC7,เปิดทุกวัน 08:00-17:00
128,จอมทอง,วัดสิงห์ จอมทอง,วัด,35 เอกชัย 43 แขวง บางขุนเทียน เขตจอมทอง กรุงเทพมหานคร 10150,0 2415 3832,https://maps.app.goo.gl/N2XSRUXbAnQBRydt7,ไม่พบข้อมูล
129,จอมทอง,วัดยายร่ม,วัด,24 ถ. พระราม 2 (ธนบุรี –ปากท่อ) หมู่ที่ 6 ซ. 33 บางมด จอมทอง  กรุงเทพมหานคร 10150,0 2427 1987,https://maps.app.goo.gl/tGEwLHS2BhL1suFn9,06:00-18:00
130,จอมทอง,วัดบางขุนเทียนใน,วัด,จอมทอง 13 แขวงจอมทอง เขตจอมทอง กรุงเทพมหานคร 10150,09 7024 4528,https://maps.app.goo.gl/w7D2hiFwfuT8wK7a9,ไม่พบข้อมูล
131,จอมทอง,วัดศาลาครืน,วัด,102/ 42 ถนน วุฒากาศ แขวงบางค้อ เขตจอมทอง กรุงเทพมหานคร 10150,"0 2427 9098, 0 2427 4892",https://maps.app.goo.gl/wx5buNHKaecjaE8x5,เปิดทุกวัน 08:00-16:00
132,จอมทอง,วัดสีสุก,วัด,16 พระราม 2 ซอย 28 แยก 14 แขวง บางมด เขตจอมทอง กรุงเทพมหานคร 10150,"0 2427 9098, 0 2427 4892",https://maps.app.goo.gl/Fg78iYr93suPFkpL8,ไม่พบข้อมูล
133,จอมทอง,วัดบางขุนเทียนนอก,วัด,1 หมู่ที่ 7 แขวง บางขุนเทียน เขตจอมทอง กรุงเทพมหานคร 10150,"0 2427 9098, 0 2427 4892",https://maps.app.goo.gl/2GFDFUUS8897FgAX7,ไม่พบข้อมูล
134,ดอนเมือง,สวนรมณีย์ทุ่งสีกัน,สวนสาธารณะ,ถนนเวฬุวนาราม แขวงดอนเมือง เขตดอนเมือง กรุงเทพมหานคร 10210,0 2565 5510,https://maps.app.goo.gl/Bunb7EB8jm6wFv4t8,เปิดทุกวัน 05:00-20:00
135,ดอนเมือง,เรือนรัตนโกสินทร์,แหล่งเรียนรู้,90/9 หมู่ 5 ถนนสรงประภา แขวงดอนเมือง เขตดอนเมือง กรุงเทพมหานคร 				10210,08 9483 1985,https://maps.app.goo.gl/QaPHFHnJ21w1LXpo8,ไม่พบข้อมูล
136,ดอนเมือง,พิพิธภัณฑ์ท้องถิ่นกรุงเทพมหานคร เขตดอนเมือง,พิพิธภัณฑ์,วัดพรหมรังษี 24/1 หมู่ 5 แขวงดอนเมือง เขตดอนเมือง กรุงเทพมหานคร 10210,0 2531 6158,https://maps.app.goo.gl/yXvm83aJmN9XFihD6,อังคาร-อาทิตย์ 08:00-15:30 ปิดวันจันทร์
137,ดอนเมือง,พิพิธภัณฑ์กองทัพอากาศ,พิพิธภัณฑ์,171 ถนนพหลโยธิน แขวงสีกัน เขตดอนเมือง กรุงเทพมหานคร 10210,0 2531 6158,https://maps.app.goo.gl/QuHV73JsoM7q28Em8,อังคาร-อาทิตย์ 09:00-15:30 ปิดวันจันทร์
138,ดอนเมือง,ตลาดเจ้เล้ง,ตลาด,40/85 แขวงสนามบิน เขตดอนเมือง กรุงเทพมหานคร 10210,0 2521 8811 - 7,https://maps.app.goo.gl/YfD3z5WhFoyDqHp69,เปิดทุกวัน 09:30-20:00
139,ดอนเมือง,ตลาดนัดบุญอนันต์,ตลาด,หมู่บ้านบุญอนันต์ ถนนสรงประภา แขวงดอนเมือง เขตดอนเมือง กรุงเทพมหานคร 10210,09 7234 6878,https://maps.app.goo.gl/8dGu4Hs59aJBvVjDA,เปิดทุกวัน 14:00-21:00
140,ดอนเมือง,ตลาดใหม่ดอนเมือง,ตลาด,ตลาดแอร์พอร์ต (ตลาดใหม่ดอนเมือง) ซอยเชิดวุฒากาศ 4 ถนนเชิดวุฒากาศ 4 แขวงสีกัน เขตดอนเมือง กรุงเทพมหานคร 10210,06 4179 5320,https://maps.app.goo.gl/sHQqFFF79riPJad68,ไม่พบข้อมูล
141,ดอนเมือง,สนามกอล์ฟกานตรัตน์ ( สนามงู ),สนามกีฬา,171 ถนนวิภาวดีรังสิต แขวงสนามบิน เขตดอนเมือง กรุงเทพมหานคร 10210,"0 2534 3842, 08 9117 7483",https://maps.app.goo.gl/BMPZweCa78jk4W9V9,ไม่พบข้อมูล
142,ดอนเมือง,วัดดอนเมือง,วัด,1 ถนนเชิดวุฒากาศ แขวงดอนเมือง เขตดอนเมือง กรุงเทพมหานคร 10210,0 2566 4285,https://maps.app.goo.gl/BRsWPRRCAH5YVgWF9,เปิดทุกวัน 04:00-22:00
143,ดอนเมือง,วัดสีกัน - พุทธสยาม,วัด,เลขที่ 1/1 ถนนสรงประภา แขวงสีกัน เขตดอนเมือง กรุงเทพมหานคร 10210,0 2565 5411,https://maps.app.goo.gl/jZ22jTLemo6PYnWPA,เปิดทุกวัน 07:00-21:00
144,ดอนเมือง,วัดเวฬุวนาราม ( ไผ่เขียว ),วัด,449 แขวงสีกัน เขตดอนเมือง กรุงเทพมหานคร 10210,0 2574 3652,https://maps.app.goo.gl/oSNUYUdnMYY1m4d77,ไม่พบข้อมูล
145,ดอนเมือง,สนามบินดอนเมือง,ท่าอากาศยาน,222 ถนนวิภาวดีรังสิต แขวงสนามบิน เขตดอนเมือง กรุงเทพมหานคร 10210,0 2535 1192,https://maps.app.goo.gl/ZjZeujDYzYcX33T49,เปิดทุกวัน 24 ชั่วโมง
146,ดอนเมือง,วัดพรหมรังษี ดอนเมือง,วัด,เลขที่ 24/1 ซอยช่างอากาศอุทิศ 28 แยก1 ถนนช่างอากาศอุทิศ แขวงดอนเมือง 	เขตดอนเมือง 10210,0 2565 9054,https://maps.app.goo.gl/tm87d9QknchcReY28,09:00-17:00
147,ดอนเมือง,วัดเทพนิมิตต์ ดอนเมือง,วัด,ซอยวัดเทพนิมิตต์ (ประชาอุทิศ 14) ถนนประชาอุทิศ แขวงดอนเมือง เขตดอนเมือง 	10210,0 2565 3535,https://maps.app.goo.gl/4jh8fUuSTaWhEppP9,06:00-17:00
148,ดอนเมือง,วัดมารีย์สวรรค์ ดอนเมือง ( โบสถ์มารีย์สวรรค์ ),วัด,18/95 หมู่ 1 ถนนสรงประภา แขวงดอนเมือง เขตดอนเมือง กรุงเทพมหานคร 	10210,0 2565 3535,https://maps.app.goo.gl/34FXRD7B8mxxtQpv8,ไม่พบข้อมูล
149,คลองสาน,วัดอนงคาราม,วัด,41 ถนนสมเด็จเจ้าพระยา แขวงสมเด็จเจ้าพระยา เขตคลองสาน กรุงเทพมหานคร 10600,"0 2437 6037, 08 3070 8378",https://maps.app.goo.gl/td2iX7Pn3osUN1iE8,ไม่พบข้อมูล
150,คลองสาน,วัดเศวตฉัตรวรวิหาร,วัด,1401 ซอยเจริญนคร 25 ถนนเจริญนคร แขวงบางลำพูล่าง เขตคลองสาน กรุงเทพมหานคร 10600,0 2860 2215,https://maps.app.goo.gl/Xuw6WwKrsxzSZjBn8,เปิดทุกวัน 08:00-17:00
151,คลองสาน,อุทยานเฉลิมพระเกียรติสมเด็จพระศรีนครินทราบรมราชชนนี,พิพิธภัณฑ์,ซอยสมเด็จเจ้าพระยา3 แขวงคลองสาน เขตคลองสาน กรุงเทพมหานคร 10600,"0 2439 0902, 0 2437 7799",https://maps.app.goo.gl/zxiu1iL5MyeBNkcM9,เปิดทุกวัน 06:00-18:00 อาคารพิพิธภัณฑ์ 08:30-16:30
152,คลองสาน,เดอะล้ง 1919 ริเวอร์ไซด์ เฮอริเทจ เดสติเนชั่น,คอมมูนิตี้มอลล์,248 ถนนเชียงใหม่ แขวงคลองสาน เขตคลองสาน กรุงเทพมหานคร 10600,09 1187 1919,https://maps.app.goo.gl/3rjbfeagoZ2hinkBA,ไม่พบข้อมูล
153,คลองสาน,พิพิธภัณฑ์โรงพยาบาลสมเด็จเจ้าพระยา,พิพิธภัณฑ์,112 ถนนสมเด็จเจ้าพระยา แขวงคลองสาน เขตคลองสาน กรุงเทพมหานคร 10600,"0 2442 2500, 0 2497 1398, 0 2437 0200 ต่อ 4114 หรือ 4115",https://maps.app.goo.gl/TBRQk3hFfEQCScjs5,ไม่พบข้อมูล
154,คลองสาน,ศาลเจ้าซำไนเก็ง,ศาลเจ้า,ซอยท่าดินแดง15 แขวงสมเด็จเจ้าพระยา เขตคลองสาน กรุงเทพมหานคร10600,0 2863 1488,https://maps.app.goo.gl/LpCodGpX8Xs4bDFW7,เปิดทุกวัน 07:00-18:00
155,คลองสาน,ศาลเจ้ากวนอู คลองสาน,ศาลเจ้า,"354/3 ซอยสุดเกษม(หลังอุทยานสมเด็จย่า) แขวงสมเด็จเจ้าพระยา
เขตคลองสาน กรุงเทพฯ 10600",0 2439 6309,https://maps.app.goo.gl/Xf1K7sHTM28wdL6g9,เปิดทุกวัน 07:30-17:30
156,คลองสาน,พิพิธภัณฑ์ท้องถิ่นกรุงเทพมหานครเขตคลองสาน,พิพิธภัณฑ์,อาคารหอสมุดวัดอนงคาราม ชั้น 2 ถนนสมเด็จเจ้าพระยา แขวงสมเด็จเจ้าพระยา เขตคลองสาน กรุงเทพมหานคร 10600,0 2437 5546,https://maps.app.goo.gl/XK3qKQvTjjYxjSaA9,พุธ-อาทิตย์ 08:30-16:30
157,คลองสาน,มัสยิดกูวติลอิสลาม (สุเหร่าตึกแดง),มัสยิด,656 ถนนสมเด็จเจ้าพระยา แขวงสมเด็จเจ้าพระยา เขตคลองสาน กรุงเทพมหานคร 10600,0 2438 2824,https://maps.app.goo.gl/AWUbJnBpFLQoS8Ff6,ไม่พบข้อมูล
158,คลองสาน,สวนป่าเฉลิมพระเกียรติใต้สะพานสมเด็จพระเจ้าตากสิน,สวนสาธารณะ,404 ถนนกรุงธนบุรี แขวงคลองต้นไทร เขตคลองสาน กรุงเทพมหานคร 10600,0 2437 9995,https://maps.app.goo.gl/z9j8ShdtAPZCqYZf6,เปิดทุกวัน 05:00-21:00
159,คลองสาน,ไอคอนสยาม (ICONSIAM),ช๊อปปิ๊งมอลล์,299 ถนนเจริญนคร แขวงคลองต้นไทร เขตคลองสาน กรุงเทพมหานคร 10600,"0 2495 7080, 0 2495 7000",https://maps.app.goo.gl/ijFRZQ78grfVdgyA7,เปิดทุกวัน 10:00-22:00
160,คลองสาน,วัดทองนพคุณ,วัด,103 หมู่ 6 ถนนสมเด็จเจ้าพระยา 17 แขวงคลองสาน เขตคลองสาน กรุงเทพมหานคร 10600,"0 2437 9067, 0 2438 8898, 08 1925 2534",https://maps.app.goo.gl/rAtwji2E12SW1hw26,เปิดทุกวัน 06:00-18:00
161,คลองสาน,วัดพิชยญาติการาม (วัดพิชัยญาติ),วัด,ถนนสมเด็จเจ้าพระยา ซอย 2 แขวงสมเด็จเจ้าพระยา เขตคลองสานกรุงเทพมหานคร 10600,"0 2438 1738, 0 2861 4319",https://maps.app.goo.gl/YaPBhRMKvRXP9HwSA,ไม่พบข้อมูล
162,คลองสาน,วัดจีจินเกาะ,วัด,494 ซอยสมเด็จเจ้าพระยา17 แขวงคลองสาน เขตคลองสาน กรุงเทพมหานคร 10600,"0 2437 2196, 0 2863 3275",https://maps.app.goo.gl/UbLhMZLZCb4kFmtQ7,เปิดทุกวัน 08:00-16:30
163,คลองเตย,ศูนย์วิทยาศาสตร์เพื่อการศึกษาแห่งชาติ (ท้องฟ้าจำลองกรุงเทพฯ),พิพิธภัณฑ์,928 ถนนสุขุมวิท เขตคลองเตย กรุงเทพมหานคร10110,"023910544, 023920508, 023921773",https://maps.app.goo.gl/mqFnusU6s4UJCQRP7,อังคาร-อาทิตย์ 09:00-16:00 ปิดวันจันทร์
164,คลองเตย,ตลาดคลองเตย,ตลาดสด,1 ถนนเกษมราษฎร์ แขวงคลองเตย เขตคลองเตย กรุงเทพมหานคร10110,,https://maps.app.goo.gl/hLb5SpWqQpXkX6p18,ไม่พบข้อมูล
165,คลองเตย,วัดสะพาน,วัด,472 ถนน ณ ระนอง แขวงคลองเตย เขตคลองเตย กรุงเทพมหานคร 10260,0 2311 5126,https://maps.app.goo.gl/v3P9xrpnZJE9ZECw6,ไม่พบข้อมูล
166,คลองเตย,ตำหนักบ้านปลายเนิน,พิพิธภัณฑ์,1164 ถนนพระรามที่ 4 แขวงคลองเตย เขตคลองเตย กรุงเทพมหานคร 10110,0 2249 4280,https://maps.app.goo.gl/3nkEULP12rCn6aMc9,เปิดให้เข้าชมเฉพาะวันที่ 29 เมษายนของทุกปี (วันนริศ) 09:00-17:00
167,คลองเตย,สวนเบญจกิติ,สวนสาธารณะ,ถนนรัชดาภิเษก แขวงคลองเตย เขตคลองเตย กรุงเทพมหานคร 10110,02254 1263,https://maps.app.goo.gl/DDJfnHdNr6eo3JLx5,เปิดทุกวัน 04:30-22:00
168,คลองเตย,อุทยานเบญจสิริ,สวนสาธารณะ,ถนนสุขุมวิท ระหว่างซอยสุขุมวิท 22 - 24 แขวงคลองตัน เขตคลองเตย กรุงเทพมหานคร,0 2262 0810,https://maps.app.goo.gl/ShCFeKmtCCzj3S3A6,เปิดทุกวัน 05:00-21:00
169,คลองเตย,The Emporium,ช้อปปิ้งมอลล์,ถนนสุขุมวิท แขวนคลองตัน เขตคลองเตย กรุงเทพมหานคร 10110,0 22691000,https://maps.app.goo.gl/JMsFoWc494iK25H38,จันทร์-พฤหัสบดี 11:00-21:00 ศุกร์-อาทิตย์ 10:00-21:00
170,คลองเตย,Flow House Bangkok,ลานกีฬาทางน้ำ,120/1 โครงการ เอ สแควร์ ซอย สุขุมวิท 26 แขวงคลองตัน เขตคลองเตย กรุงเทพมหานคร 10110,0 2108 5210,https://maps.app.goo.gl/hJJSyPt16XsSTdHi8,ไม่พบข้อมูล
171,คลองเตย,Gateway Ekamai,ช้อปปิ้งมอลล์,982 22 ถนนสุขุมวิท เเขวงพระโขนง เขตคลองเตย กรุงเทพมหานคร 10110,0 2108 2888,https://maps.app.goo.gl/LyTD1JzAQp3FoNjQA,เปิดทุกวัน 10:00-22:00
172,คลองเตย,วัดคลองเตยนอก,วัด,36 ถนนเกษมราษฎร์ แขวงคลองเตย เขตคลองเตย กรุงเทพมหานคร 10110,0 2671 1160,https://maps.app.goo.gl/aFHgGaoqVs8uxLgu8,ไม่พบข้อมูล
173,คลองเตย,วัดคลองเตยใน,วัด,472 ถนนณ ระนอง แขวงคลองเตย เขตคลองเตย กรุงเทพมหานคร 10110,"02249 6458, 022493364",https://maps.app.goo.gl/B1AinXXnyMNznofCA,ไม่พบข้อมูล
174,คลองเตย,Suanplern Market - สวนเพลิน     มาร์เก็ต,คอมมูนิตี้มอลล์,3654 ถนนพระราม4 แขวงคลองตัน เขตคลองเตย กรุงเทพมหานคร 10110,0 2249 8854,https://maps.app.goo.gl/bqbskn6HYRgxfLXq7,ไม่พบข้อมูล
175,คลองเตย,ในป่า อาร์ท คอมเพลกส์ (Naiipa Art Complex),อาคารสำนักงาน,46 ถนนสุขุมวิท แขวงพระโขนง เขตคลองเตย กรุงเทพมหานคร 10110,065 551 4147,https://maps.app.goo.gl/ytK1z6FgaRPh1b338,ไม่พบข้อมูล
176,คลองเตย,Puzzle Room Bangkok,สวนสนุก,21/8 ซอยสุขุมวิท18 แขวงคลองตัน เขตคลองเตย กรุงเทพมหานคร 10110,063 939 9080,https://maps.app.goo.gl/j47N8VAfmrALR6tu5,เปิดทุกวัน 11:00-22:00
177,คลองเตย,สีลมซาวน่า สุขุมวิท22,สถานบริการ,401/17 ซอยสุขุมวิท22 แขวงคลองตัน เขตคลองเตย กรุงเทพมหานคร 10110,02 663 4010,https://maps.app.goo.gl/MGrgKFNrrU5xi7hW6,ไม่พบข้อมูล
178,ลาดกระบัง,พิพิธภัณฑ์ท้องถิ่นกรุงเทพมหานคร เขตลาดกระบัง,พิพิธภัณฑ์,132 ถนนเลียบคลองมอญ แขวงทับยาว เขตลาดกระบัง  กรุงเทพมหานคร 10520,0 2360 6520,https://goo.gl/maps/7BZ4xNsmWmPj9Vvj7,พุธ-อาทิตย์ 09:00-17:00
179,ลาดกระบัง,พิพิธภัณฑ์งูสยามเซอร์เพนทาเรียม Siam Serpentarium,พิพิธภัณฑ์,969 ถนนหลวงแพ่ง แขวงลาดกระบัง เขตลาดกระบัง กรุงเทพมหานคร 10520,0 2326 5800,https://goo.gl/maps/3iGFxuu83v6EAkNU9,จันทร์-ศุกร์ 10:00-17:00 เสาร์-อาทิตย์ 10:00-18:00
180,ลาดกระบัง,วัดสุทธาโภชน์,วัด,39 ถนนฉลองกรุง แขวงทับยาว เขตลาดกระบัง กรุงเทพมหานคร 10520,"0 2360 6078, 0 2360 6058",https://goo.gl/maps/cZ6Z4x9U3g6MEbJC9,ไม่พบข้อมูล
181,ลาดกระบัง,ห้องสมุดสีเขียว Green Library,ห้องสมุดเพื่อการเรียนรู้,160/462 ถนนเคหะร่มเกล้า แขวงคลองสองต้นนุ่น เขตลาดกระบัง กรุงเทพมหานคร 10520,0 2543 9187,https://goo.gl/maps/zyakAo1VioTyxVNp9,ไม่พบข้อมูล
182,ลาดกระบัง,ตลาดหัวตะเข้,ตลาด/ชุมชนเก่าแก่,ซอยกระบัง 17 ถนนลาดกระบัง แขวงลาดกระบัง  เขตลาดกระบัง กรุงเทพมหานคร 10520,"08 3771 4111, 08 3043 1845",https://goo.gl/maps/9umJVP29yoi4pBUz7,เปิดทุกวัน 08:00-18:00
183,ลาดกระบัง,วัดลานบุญ (วัดหนึ่ง),วัด,1 หมู่ 7 แขวงลาดกระบัง เขตลาดกระบัง กรุงเทพมหานคร 10520,0 2329 0909,https://goo.gl/maps/wQW9LMuJsgDhLH227,ศุกร์-อาทิตย์ 08:30-17:00
184,ลาดกระบัง,ตลาดหลวงแพ่ง,ตลาด/ชุมชนเก่าแก่,ซอยหลวงแพ่ง 5 แขวงขุมทอง เขตลาดกระบัง กรุงเทพมหานคร 10520,08 1285 5646,https://goo.gl/maps/nzfmmDxXPzsS1TjNA,เสาร์-อาทิตย์ 10:00-16:00
185,ลาดกระบัง,สวนพระนคร กรุงเทพมหานคร,สวนสาธารณะ,569 ถนนลาดกระบัง แขวงลาดกระบัง เขตลาดกระบัง กรุงเทพมหานคร 10520,06 2596 1056,https://goo.gl/maps/qzhPtg8NdGDsEvJ38,เปิดทุกวัน 05:00-21:00
186,ลาดกระบัง,ตลาดนัดสุวรรณภูมิ,ตลาด/แหล่งจับจ่ายใช้สอย,2104 ถนนลาดกระบัง แขวงลาดกระบัง เขตลาดกระบัง กรุงเทพมหานคร 10520,"08 5934 0563, 09 1813 7540",https://goo.gl/maps/3hxcvwQbrABhasiY6,เปิดทุกวัน 16:00-21:00
187,ลาดกระบัง,The Paseo Mall,คอมมูนิตี้มอลล์,318/5 ถนนลาดกระบัง  แขวงลาดกระบัง เขตลาดกระบัง กรุงเทพมหานคร  10520,"0 2329 8999, 0 2329 8880",https://goo.gl/maps/8QaFXu2cMjrcE4UW6,เปิดทุกวัน 10:00-22:00
188,ลาดกระบัง,หอสมุดแห่งชาติเขตลาดกระบัง เฉลิมพระเกียรติ,หอสมุด,280/8 ถนนฉลองกรุง แขวงลาดกระบัง  เขตลาดกระบัง  กรุงเทพมหานคร  10520,0 2739 2298,https://goo.gl/maps/zR8XZD3y1EEQjBU68,ไม่พบข้อมูล
189,สัมพันธวงศ์,วัดไตรมิตรวิทยารามวรวิหาร,วัด,661 ถนนเจริญกรุง แขวงตลาดน้อย เขตสัมพันธวงศ์ กรุงเทพฯ 10100,08 9002 2400,https://goo.gl/maps/1sH6CoiJea33KZk3A,08:00-17:00
190,สัมพันธวงศ์,วัดสัมพันธวงศารามวรวิหาร,วัด,579 ถนนทรงสวัสดิ์ แขวงสัมพันธวงศ์ เขตสัมพันธวงศ์ กรุงเทพฯ 10100,"0 2222 5840, 0 2622 5210",https://goo.gl/maps/SExJhyfPXJgKJmiw5,ไม่พบข้อมูล
191,สัมพันธวงศ์,ธนาคารไทยพาณิชย์ สาขาตลาดน้อย,สถาปัตยกรรมทรงคุณค่า/พิพิธภัณฑ์,1280 ถนนโยธา แขวงตลาดน้อย เขตสัมพันธวงศ์ กรุงเทพฯ 10100,0 2237 5001-4,https://goo.gl/maps/7Qnq7fQ99XpbXUnT6,ไม่พบข้อมูล
192,สัมพันธวงศ์,วัดแม่พระลูกประคำ (กาลหว่าร์),โบสถ์คริสต์,987 ซอยวานิช 2 แขวงตลาดน้อย เขตสัมพันธวงศ์ กรุงเทพฯ 10100,0 2266 4849,https://goo.gl/maps/9dYRJhB2wfTwQR6T8,ไม่พบข้อมูล
193,สัมพันธวงศ์,ศาลเจ้าเล่าปุนเถ้ากง,ศาลเจ้าจีน,833 ซอยอิศรานุภาพ ถนนทรงวาด เขตสัมพันธวงศ์ กรุงเทพฯ 10100,"0 2221 6598, 0 2622 4665",https://goo.gl/maps/q3njTxMjsEJ1XTrh6,เปิดทุกวัน 07:00-17:00
194,สัมพันธวงศ์,ศาลเจ้าเล่งบ๊วยเอี๊ยะ,ศาลเจ้าจีน,125 ซอยเยาวราช 6  แขวงสัมพันธวงศ์ เขตสัมพันธวงศ์ กรุงเทพฯ 10100,08 1614 5992,https://goo.gl/maps/yjzqWYDnYuMunspp7,ไม่พบข้อมูล
195,สัมพันธวงศ์,ตลาดน้อย Street Art,สตรีทอาร์ตริมกำแพงและผนังอาคาร,สามารถเดินชมโดยเริ่มจากซอยเจริญกรุง 22 ถึงซอยเจริญกรุง 32 เขตสัมพันธวงศ์,,https://goo.gl/maps/1Nf1UdfRBdfbqcxQ7,ไม่พบข้อมูล
196,สัมพันธวงศ์,พิพิธภัณฑ์ท้องถิ่นเขตสัมพันธวงศ์,พิพิธภัณฑ์,1460 ถนนทรงวาด แขวงสัมพันธวงศ์ เขตสัมพันธวงศ์ กรุงเทพฯ 10100,0 2233 3316,https://goo.gl/maps/GgYUuAJw39ak4xZz6,จันทร์-ศุกร์ 08:00-16:00
197,สัมพันธวงศ์,ร้านซุ้ยล้ง ถังไม้สักโบราณ,ร้านค้า,1159 ถนนทรงวาด แขวงสัมพันธวงศ์ เขตสัมพันธวงศ์ กรุงเทพฯ 10100,"0 2233 8366, 0 2639 6900",https://goo.gl/maps/C4b5h6qQSbzT2WxC8,จันทร์-เสาร์ 08:00-17:00
198,สัมพันธวงศ์,ซุ้มประตูเฉลิมพระเกียรติ (Royal Jubilee Gate),ซุ้มประตู,685 ถนนตรีมิตร แขวงตลาดน้อย เขตสัมพันธวงศ์ กรุงเทพฯ 10100,,https://goo.gl/maps/bcqw7uT63kVWZYLDA,ไม่พบข้อมูล
199,สัมพันธวงศ์,มัสยิดหลวงโกชาอิศหาก,สถาปัตยกรรมจีน,979 ถนนทรงวาด แขวงสัมพันธวงศ์ เขตสัมพันธวงศ์ กรุงเทพฯ 10100,"0 2622 4946, 08 1439 2487",https://goo.gl/maps/ukHYRDZDAneCkVU99,ไม่พบข้อมูล
200,สัมพันธวงศ์,Loftel 22 Hostel,มัสยิด,952 ถนนเจริญกรุง แขวงสัมพันธวงศ์ เขตสัมพันธวงศ์ กรุงเทพฯ 10100,"0 2117 9322, 09 5250 4808",https://goo.gl/maps/5hGKe5V8qwu8BEqj8,เช็คอิน 14:00 เช็คเอาท์ 12:00
201,สัมพันธวงศ์,Dhammachard 1608 (บ้านธรรมชาติ),ที่พัก,1618 ถนนทรงวาด แขวงสัมพันธวงศ์ เขตสัมพันธวงศ์ กรุงเทพฯ 10100,"08 8493 9990, 06 4752 2103",https://goo.gl/maps/vV19DusKi38bQGJn7,ไม่พบข้อมูล
202,สัมพันธวงศ์,เป็ดตุ๋นเจ้าท่า,ที่พัก,945 ซอยวานิช 2 แขวงตลาดน้อย  เขตสัมพันธวงศ์ กรุงเทพฯ 10100,0 2233 2541,https://goo.gl/maps/URky3gR4jB2SvqZ47,จันทร์-เสาร์ 09:00-16:00 ปิดวันอาทิตย์
203,สัมพันธวงศ์,ก๋วยเตี๋ยวรู ตลาดน้อย,ร้านอาหาร,970/1 ถนนเจริญกรุง แขวงตลาดน้อย เขตสัมพันธวงศ์ กรุงเทพฯ 10100,0 2233 1697,https://goo.gl/maps/MCxkNWgEgDKsxuha6,เปิดทุกวัน 07:30-16:00 ปิดวันพุธสุดท้ายของเดือน
204,ตลิ่งชัน,ตลาดน้ำตลิ่งชัน,ตลาดน้ำ,ตลาดน้ำริมคลองชักพระ แขวงคลองชักพระ เขตตลิ่งชัน กรุงเทพมหานคร (หน้าสำนักงานเขตตลิ่งชัน),08 5832 1918,https://goo.gl/maps/yPZGp4aYgeHu9RGp8,เสาร์-อาทิตย์ 08:00-16:30
205,ตลิ่งชัน,วัดจำปา,วัด,27 หมู่ที่ 5 บ้านคลองบางระมาด ถนนพุทธมณฑลสาย 1 แขวงบางระมาด เขตตลิ่งชัน กรุงเทพมหานคร 10170,08 1498 6019,https://goo.gl/maps/2SFM1XQxvvbY2Dbk6,เปิดทุกวันตลอด 24 ชั่วโมง
206,ตลิ่งชัน,ชุมชนเกาะศาลเจ้า,ชุมชน,ถนนบรมราชชนนี แขวง ฉิมพลี เขตตลิ่งชัน กรุงเทพมหานคร 10170,08 7036 6322 (ติดต่อ : นายทวีศักดิ์ หว่างจันทร์ ประธานชุมชนวัดจำปา),https://goo.gl/maps/yvs4Nfh7wX66pxFCA,ไม่พบข้อมูล
207,ตลิ่งชัน,ตลาดน้ำวัดจำปา,ตลาดน้ำ,ซอยโชคสมบัติ แขวง บางระมาด เขตตลิ่งชัน กรุงเทพมหานคร 10170,"08 3253 5219, 08 9810 1770",https://goo.gl/maps/8TU6wHzr6ut8Gi3p7,เสาร์-อาทิตย์ 09:00-15:00
208,ตลิ่งชัน,ตลาดน้ำคลองลัดมะยม,ตลาดน้ำ,30/1 หมู่ที่ 15 ถนนบางระมาด แขวงบางระมาด เขตตลิ่งชัน กรุงเทพมหานคร 10170,"0 2422 4270, 08 9215 2659",https://goo.gl/maps/ZP8SG28hkmUYbBXv6,เสาร์-อาทิตย์ 08:00-17:00
209,ตลิ่งชัน,วัดเกาะ บางเชือกหนัง,วัด,15 ซอยราชพฤกษ์ 8 แยก 11 ถนนราชพฤกษ์ แขวงบางเชือกหนัง เขตตลิ่งชัน กรุงเทพมหานคร 10170,0 2410 7806 (โรงเรียนวัดเกาะ),https://goo.gl/maps/d4oikjp99Wc8y7Us9,ไม่พบข้อมูล
210,ตลิ่งชัน,วัดกาญจนสิงหาสน์วรวิหาร (วัดทอง),วัด,686 ริมคลองบางพรมฝั่งเหนือ แขวงคลองชักพระ เขตตลิ่งชัน กรุงเทพมหานคร 10170,0 2418 5067,https://goo.gl/maps/w9WNKGfkDZzfg8zG8,ไม่พบข้อมูล
211,ตลิ่งชัน,วัดศีลมหาสนิท,วัด (คริสต์),2 ซอยราชพฤกษ์ 36 ถนนราชพฤกษ์ แขวงตลิ่งชัน เขตตลิ่งชัน กรุงเทพมหานคร 10170,"0 2433 4529, 08 4512 2288",https://goo.gl/maps/fV3oo6jWX8ZGPDgB9,ไม่พบข้อมูล
212,ตลิ่งชัน,ศูนย์มานุษยวิทยาสิรินธร,ศูนย์ข้อมูลความรู้,20 ถนนบรมราชชนนี แขวงฉิมพลี เขตตลิ่งชัน กรุงเทพมหานคร 10170,0 2880 9429,https://goo.gl/maps/2hVZfFGsyESAzT8r8,จันทร์-ศุกร์ 08:30-16:30 เสาร์ 09:00-16:00 ปิดวันอาทิตย์
213,ตลิ่งชัน,พิพิธภัณฑ์คนโบราณ บ้านบางระมาด,พิพิธภัณฑ์,117 ซอยจำปา ถนนกาญจนาภิเษก แขวงบางระมาด เขตตลิ่งชัน กรุงเทพมหานคร 10170,08 8095 0759,https://goo.gl/maps/eFEHhehzvLvXSEki6,ไม่พบข้อมูล
214,ตลิ่งชัน,บ้านจักรยาน,โรงจัดแสดง,76/10 ซอย สวนผัก 6 แขวง ตลิ่งชัน เขตตลิ่งชัน กรุงเทพมหานคร 10170,"0 2424 4705, 09 4429 9227 (อาจารย์ทวีไทย บริบูรณ์ ผู้ก่อตั้ง)",https://goo.gl/maps/RbV4MqS5bbW1q1wSA,เปิดทุกวัน 08:00-21:00
215,ตลิ่งชัน,สวนกล้วยไม้ลุงนิยม,สวนเกษตร,1109/1 ซอย กำนัน แขวง บางเชือกหนัง เขตตลิ่งชัน กรุงเทพมหานคร 10170,09 4478 5260,https://goo.gl/maps/Qzc2EL2qFJKc22yM6,ไม่พบข้อมูล
216,ตลิ่งชัน,ศาลเจ้าเง็กฮกตึ้ง (เจ้าพ่อเห้งเจีย),ศาลเจ้าจีน,19 ถนนสวนผัก แขวงตลิ่งชัน เขตตลิ่งชัน กรุงเทพมหานคร 10170,"0 2435 1143, 0 2884 2522-3",https://goo.gl/maps/CvtBtYW5BT5GUK3u6,ไม่พบข้อมูล
217,ตลิ่งชัน,สวนมณฑลภิรมย์,สวนสาธารณะ,ถนนพุทธมณฑล สาย 1 แขวง บางระมาด เขตตลิ่งชัน กรุงเทพมหานคร 10170,0 2424 1415 (สำนักงานเขตตลิ่งชัน),https://goo.gl/maps/MDMHx5WuNx7gKU638,ไม่พบข้อมูล
218,ตลิ่งชัน,เดอะ เซอร์เคิล ราชพฤกษ์,คอมมูนิตี้มอลล์,39 ถนนราชพฤกษ์ แขวงบางระมาด เขตตลิ่งชัน กรุงเทพมหานคร 10170,0 2865 6850,https://goo.gl/maps/md1ecxTWGFboU4sQA,ไม่พบข้อมูล
219,ธนบุรี,พิพิธภัณฑ์ท้องถิ่นกรุงเทพมหานครเขตธนบุรี,พิพิธภัณฑ์,ชั้น 3 โรงเรียนสอนพุทธศาสนาวันอาทิตย์ วัดประยุรวงศาวาสวรวิหาร ถนนประชาธิปก แขวงวัดกัลยาณ์ เขตธนบุรี กรุงเทพมหานคร 10600,0 2465 5552,https://maps.app.goo.gl/thGMJrag7zPwrA13A,ไม่พบข้อมูล
220,ธนบุรี,พระบรมราชานุสาวรีย์สมเด็จพระเจ้ากรุงธนบุรี,อนุสาวรีย์,86 ถนนลาดหญ้า แขวงบางยี่เรือ เขตธนบุรี กรุงเทพมหานคร 10600,,https://maps.app.goo.gl/VVkxaVaXPxS6x1Z5A,ไม่พบข้อมูล
221,ธนบุรี,ชุมชนกุฎีจีน,ชุมชน,271 ซอยกุฎีจีน3 ถนนเทศบาลสาย1 แขวงวัดกัลยาณ์ เขตธนบุรีกรุงเทพมหานคร 10600,08 1772 5184,https://maps.app.goo.gl/y1AA7s25yisUeFxG9,ไม่พบข้อมูล
222,ธนบุรี,ชุมชนวัดบางไส้ไก่,ชุมชน,ชุมชนบางไส้ไก่ ซอยอิสรภาพ 15 ถนนอิสรภาพ แขวงหิรัญรูจี เขตธนบุรีกรุงเทพมหานคร 10600,08 1513 6649 (ประธานชุมชน),https://maps.app.goo.gl/Dtp5HxrUgibXFGLdA,ไม่พบข้อมูล
223,ธนบุรี,ชุมชนตลาดพลู,ชุมชน,ซอยเทิดไท 20 แขวงตลาดพลู เขตธนบุรี กรุงเทพมหานคร 10600,,https://maps.app.goo.gl/EGFYTRiHBc34E2X97,ไม่พบข้อมูล
224,ธนบุรี,คริสตจักรที่ 1 สำเหร่,ศาสนสถาน,37 ซอยเจริญนคร 59 แขวงสำเหร่ เขตธนบุรี กรุงเทพมหานคร 10600,0 2877 7287,https://maps.app.goo.gl/K48z9txfmBzxPb226,ไม่พบข้อมูล
225,ธนบุรี,มัสยิดบางหลวง,ศาสนสถาน,151 ถนนอรุณอมรินทร์ แขวงวัดกัลยา เขตธนบุรี กรุงเทพมหานคร 10600,0 2466 6157,https://maps.app.goo.gl/8wE9RWoho71Jae578,ไม่พบข้อมูล
226,ธนบุรี,วัดกัลยาณมิตรวรมหาวิหาร,ศาสนสถาน,"371 ถนนอรุณอัมรินทร์ตัดใหม่ (ถนนเทศบาลสาย3) แขวงวัดกัลยาณ์
เขตธนบุรี กรุงเทพมหานคร 10600","0 2466 4665, 08 6709 2829",https://maps.app.goo.gl/YDHjtoEcugezrUeU9,ไม่พบข้อมูล
227,ธนบุรี,วัดประยุรวงศาวาสวรวิหาร,ศาสนสถาน,24 ถนนประชาธิปก แขวงวัดกัลยา เขตธนบุรี กรุงเทพมหานคร 10600,0 2466 1693,https://maps.app.goo.gl/thGMJrag7zPwrA13A,ไม่พบข้อมูล
228,ธนบุรี,ศาลเจ้าเกียนอันเกง,ศาสนสถาน,230 ถนนเทศบาล แขวงวัดกัลยา เขตธนบุรี กรุงเทพมหานคร 10600,09 1769 0824,https://maps.app.goo.gl/MLaDDsfc1ButHFXeA,ไม่พบข้อมูล
229,ธนบุรี,วัดบุคคโล,ศาสนสถาน,142 เจริญนครซอย 63 แขวงบุคคโล เขตธนบุรี กรุงเทพมหานคร 10600,0 2468 7639,https://maps.app.goo.gl/FFxx1P7qAb94pdb7A,ไม่พบข้อมูล
230,ธนบุรี,วัดซางตาครู้ส,ศาสนสถาน,112 ซอยกุฎีจีน ถนนอรุณอัมรินทร์ แขวงวัดกัลยาณ์ เขตธนบุรี กรุงเทพมหานคร 10600,"0 2472 0153-4, 09 0415 3728",https://maps.app.goo.gl/mALKWYPzLmbc2otL7,ไม่พบข้อมูล
231,ธนบุรี,วัดเวฬุราชิน,ศาสนสถาน,154 ถนนเทิดไท แขวงบางยี่เรือ เขตธนบุรี กรุงเทพมหานคร 10600,"0 2472 3019, 08 9616 7553",https://maps.app.goo.gl/L4uz3iBN9pr9B35a8,ไม่พบข้อมูล
232,ธนบุรี,วัดโพธินิมิตสถิตมหาสีมาราม,ศาสนสถาน,96 ซอยเทอดไท 19 แขวงบางยี่เรือ เขตธนบุรี กรุงเทพมหานคร 10600,"0 2465 7337, 08 9455 5511",https://maps.app.goo.gl/bpbAniMcJm2s1SMb8,ไม่พบข้อมูล
233,ธนบุรี,วัดขุนจันทร์,ศาสนสถาน,1144 เทอดไท28 แขวงตลาดพลู เขตธนบุรี กรุงเทพมหานคร 10600,"0 2465 1901, 08 3836 0071",https://maps.app.goo.gl/z29dWp7QypBEdv8j6,ไม่พบข้อมูล
234,ทุ่งครุ,วัดหลวงพ่อโอภาสี,วัด,72/3 ซอยพุทธบูชา แขวงบางมด เขตทุ่งครุ กรุงเทพมหานคร 10140,08 1588 9848,https://maps.app.goo.gl/BhX6tHknnZbNxQQX7,ไม่พบข้อมูล
235,ทุ่งครุ,วัดพุทธบูชา,วัด,172 ถนนพุทธบูชา 30 แขวงบางมด เขตทุ่งครุ กรุงเทพมหานคร 10140,0 2426 4962,https://maps.app.goo.gl/v8SYP8fLt6BSUKcW8,ไม่พบข้อมูล
236,ทุ่งครุ,กำปงในดงปรือ,ชุมชน,ซอยพุทธบูชา 36 แขวงบางมด เขตทุ่งครุ กรุงเทพมหานคร 10140,08 3024 8107,https://maps.app.goo.gl/S5Ykgq9vj1kn411q9,ไม่พบข้อมูล
237,ทุ่งครุ,สวนธนบุรีรมย์,สวนสาธารณะ,203 หมู่ 2 ถนนประชาอุทิศ แขวงบางมด เขตทุ่งครุ กรุงเทพมหานคร 10140,08 1430 3149,https://maps.app.goo.gl/Qi1d9fBdjmSEFTTMA,ไม่พบข้อมูล
238,ทุ่งครุ,พิพิธภัณฑ์เด็กทุ่งครุ,พิพิธภัณฑ์,10 ถนนประชาอุทิศ แขวงบางมด เขตทุ่งครุ กรุงเทพมหานคร 10140,0 2426 3623,https://maps.app.goo.gl/zibqvvPXEKhuXpYP7,ไม่พบข้อมูล
239,ทุ่งครุ,โรงละครช้าง,โรงเรียนสอนการเต้น,700 ซอยประชาอุทิศ 59 แขวงบางมด เขตทุ่งครุ กรุงเทพมหานคร 10140,09 3545 1598,https://maps.app.goo.gl/6uJyjpizAnH5DJLd8,ไม่พบข้อมูล
240,ทุ่งครุ,วัดทุ่งครุ,วัด,ซอยประชาอุทิศ 84 ถนนประชาอุทิศ แขวงทุ่งครุ เขตทุ่งครุ กรุงเทพมหานคร 10140,08 2062 0063,https://maps.app.goo.gl/gT68pF3yqExEapwt5,ไม่พบข้อมูล
241,ทุ่งครุ,วัดบางมดโสธราราม,วัด,ซอยประชาอุทิศ 27 ถนนประชาอุทิศ แขวงบางมด กรุงเทพมหานคร 10140,09 8964 5999,https://maps.app.goo.gl/nExfjGgcCaBnT4yc9,ไม่พบข้อมูล
242,ทุ่งครุ,ตลาดมดตะนอย,ตลาด,มัสยิดนูรุ้ลหุดา ถนนพุทธบูชาซอย36 แยก 8 แขวงบางมด เขตทุ่งครุ กรุงเทพมหานคร 10140,08 1552 4643,https://maps.app.goo.gl/DHQ5bGTW1d9bGWaF8,ไม่พบข้อมูล
243,ทุ่งครุ,ริมคลองบางมด,พื้นที่สาธารณะ,แขวงบางมด เขตทุ่งครุ กรุงเทพมหานคร 10140,,https://maps.app.goo.gl/RKyjtgB4Aww8UoZB9,ไม่พบข้อมูล
244,ทุ่งครุ,ศูนย์กีฬาเฉลิมพระเกียรติ,ศูนย์กีฬา,60/1 ถนนพุทธบูชา แขวงบางมด เขตทุ่งครุ กรุงเทพมหานคร 10140,0 2426 2267,https://maps.app.goo.gl/XevaX1sKmznB5hXp9,ไม่พบข้อมูล
245,ทุ่งครุ,ห้องสมุดเพื่อการเรียนรู้ทุ่งครุ,ห้องสมุด,377/1 ถนนพุทธบูชา แขวงบางมด เขตทุ่งครุ กรุงเทพมหานคร 10140,0 2426 5257,https://maps.app.goo.gl/oAxeYfJirjnkp9iJA,ไม่พบข้อมูล
246,ทุ่งครุ,ตลาดใหม่ทุ่งครุ,ตลาด,ซอยประชาอุทิศ 61 ถนนประชาอุทิศฝั่งซ้าย แขวงบางมด เขตทุ่งครุ กรุงเทพมหานคร 10140,0 2427 8735-6,https://maps.app.goo.gl/GSisYcnkywBPi1aX8,ไม่พบข้อมูล
247,ทุ่งครุ,มัสยิดอัลอิสติกอมะห์,มัสยิด,489/1 ถนนประชาอุทิศ แขวงบางมด เขตทุ่งครุ กรุงเทพมหานคร 10140,,https://maps.app.goo.gl/RAdYpV8eYCjdK4Sh8,ไม่พบข้อมูล
